dataset,frame,yaw_deg,class,object_points,hit_ratio
kitti_mini,000008,0,Car,5127,0.9963
kitti_mini,000008,0.5,Car,5104,0.9957
kitti_mini,000008,1,Car,5071,0.9862
kitti_mini,000008,2,Car,5008,0.9481
kitti_mini,000008,3,Car,4943,0.9098
kitti_mini,000011,0,Pedestrian,307,0.9967
kitti_mini,000011,0,Car,418,0.9928
kitti_mini,000011,0.5,Pedestrian,307,0.8567
kitti_mini,000011,0.5,Car,383,0.9687
kitti_mini,000011,1,Pedestrian,307,0.6189
kitti_mini,000011,1,Car,349,0.9112
kitti_mini,000011,2,Pedestrian,307,0.2117
kitti_mini,000011,2,Car,285,0.7158
kitti_mini,000011,3,Pedestrian,307,0.0521
kitti_mini,000011,3,Car,230,0.4261
kitti_mini,000049,0,Car,3456,1.0
kitti_mini,000049,0,Van,340,1.0
kitti_mini,000049,0,Pedestrian,761,0.9553
kitti_mini,000049,0.5,Car,3455,0.9896
kitti_mini,000049,0.5,Van,340,0.9676
kitti_mini,000049,0.5,Pedestrian,764,0.9097
kitti_mini,000049,1,Car,3448,0.9556
kitti_mini,000049,1,Van,340,0.9147
kitti_mini,000049,1,Pedestrian,765,0.851
kitti_mini,000049,2,Car,3411,0.8789
kitti_mini,000049,2,Van,340,0.7882
kitti_mini,000049,2,Pedestrian,765,0.7333
kitti_mini,000049,3,Car,3365,0.7902
kitti_mini,000049,3,Van,340,0.6676
kitti_mini,000049,3,Pedestrian,765,0.5699
